{
    "version": 1.0.1,
    "themes": {
        "fsm": {
            "name": "fsm",
            "repo": "https://raw.githubusercontent.com/markjonesphd/acs/refs/heads/main",
            "zip": "https://raw.githubusercontent.com/markjonesphd/acs/refs/heads/main/fsm.zip",
            "summary": "Theme featuring traditional header and menu bar with added resources to aid customisation.",
            "version": "1.0.1",
            "image": "https://raw.githubusercontent.com/markjonesphd/acs/refs/heads/main/wcms-modules.json/sample.jpg"
        }
    }
}
